Country,CountryCode,Number
ZAF,ZAF,1
ZAF,ZAF,2
ZAF,ZAF,3
ZAF,ZAF,4
ZAF,ZAF,5
ZAF,ZAF,6
ZAF,ZAF,7
ZAF,ZAF,8
ZAF,ZAF,9
ZAF,ZAF,10
ZAF,ZAF,11
ZAF,ZAF,12
ZAF,ZAF,13
ZAF,ZAF,14
ZAF,ZAF,15
ZAF,ZAF,16
ZAF,ZAF,17
ZAF,ZAF,18
ZAF,ZAF,19
ZAF,ZAF,20
ZAF,ZAF,21
ZAF,ZAF,22
ZAF,ZAF,23
ZAF,ZAF,24
ZAF,ZAF,25
ZAF,ZAF,26
ZAF,ZAF,27
ZAF,ZAF,28
ZAF,ZAF,29
ZAF,ZAF,30
ZAF,ZAF,31
ZAF,ZAF,32
ZAF,ZAF,33
ZAF,ZAF,34
ZAF,ZAF,35
ZAF,ZAF,36
ZAF,ZAF,37
ZAF,ZAF,38
ZAF,ZAF,39
ZAF,ZAF,40
ZAF,ZAF,41
ZAF,ZAF,42
ZAF,ZAF,43
ZAF,ZAF,44
ZAF,ZAF,45
ZAF,ZAF,46
ZAF,ZAF,47
ZAF,ZAF,48
ZAF,ZAF,49
ZAF,ZAF,50
ZAF,ZAF,51
ZAF,ZAF,52
ZAF,ZAF,53
ZAF,ZAF,54
ZAF,ZAF,55
ZAF,ZAF,56
ZAF,ZAF,57
ZAF,ZAF,58
ZAF,ZAF,59
ZAF,ZAF,60
ZAF,ZAF,61
ZAF,ZAF,62
ZAF,ZAF,63
ZAF,ZAF,64
ZAF,ZAF,65
ZAF,ZAF,66
ZAF,ZAF,67
ZAF,ZAF,68
ZAF,ZAF,69
ZAF,ZAF,70
ZAF,ZAF,71
ZAF,ZAF,72
ZAF,ZAF,73
ZAF,ZAF,74
ZAF,ZAF,75
ZAF,ZAF,76
ZAF,ZAF,77
ZAF,ZAF,78
ZAF,ZAF,79
ZAF,ZAF,80
ZAF,ZAF,81
ZAF,ZAF,82
ZAF,ZAF,83
ZAF,ZAF,84
ZAF,ZAF,85
ZAF,ZAF,86
ZAF,ZAF,87
ZAF,ZAF,88
ZAF,ZAF,89
ZAF,ZAF,90
ZAF,ZAF,91
ZAF,ZAF,92
ZAF,ZAF,93
ZAF,ZAF,94
ZAF,ZAF,95
ZAF,ZAF,96
ZAF,ZAF,97
ZAF,ZAF,98
ZAF,ZAF,99
ZAF,ZAF,100
